INSERT [dbo].[ChiTietHoaDonNhap] ([MaCTHDN], [MaThuoc], [DonViTinh], [Gia], [SoLuong]) VALUES (N'CTN01', N'T01', N'VND', 200000, 100)
INSERT [dbo].[ChiTietHoaDonNhap] ([MaCTHDN], [MaThuoc], [DonViTinh], [Gia], [SoLuong]) VALUES (N'CTN02', N'T02', N'VND', 300000, 200)
INSERT [dbo].[ChiTietHoaDonNhap] ([MaCTHDN], [MaThuoc], [DonViTinh], [Gia], [SoLuong]) VALUES (N'CTN03', N'T03', N'VND', 400000, 300)
INSERT [dbo].[ChiTietHoaDonNhap] ([MaCTHDN], [MaThuoc], [DonViTinh], [Gia], [SoLuong]) VALUES (N'CTN04', N'T04', N'VND', 200000, 350)
INSERT [dbo].[ChiTietHoaDonNhap] ([MaCTHDN], [MaThuoc], [DonViTinh], [Gia], [SoLuong]) VALUES (N'CTN05', N'T05', N'VND', 500000, 400)
INSERT [dbo].[ChiTietHoaDonNhap] ([MaCTHDN], [MaThuoc], [DonViTinh], [Gia], [SoLuong]) VALUES (N'CTN06', N'T06', N'VND', 2000000, 500)
INSERT [dbo].[ChiTietHoaDonNhap] ([MaCTHDN], [MaThuoc], [DonViTinh], [Gia], [SoLuong]) VALUES (N'CTN07', N'T07', N'VND', 1000000, 600)
INSERT [dbo].[ChiTietHoaDonNhap] ([MaCTHDN], [MaThuoc], [DonViTinh], [Gia], [SoLuong]) VALUES (N'CTN08', N'T08', N'VND', 900000, 700)
INSERT [dbo].[ChiTietHoaDonNhap] ([MaCTHDN], [MaThuoc], [DonViTinh], [Gia], [SoLuong]) VALUES (N'CTN09', N'T09', N'VND', 800000, 800)
INSERT [dbo].[ChiTietHoaDonXuat] ([MaCTHDX], [MaThuoc], [DonViTinh], [Gia], [SoLuong]) VALUES (N'CTX01', N'T01', N'VND', 1000000, 300)
INSERT [dbo].[ChiTietHoaDonXuat] ([MaCTHDX], [MaThuoc], [DonViTinh], [Gia], [SoLuong]) VALUES (N'CTX02', N'T02', N'VND', 100000, 450)
INSERT [dbo].[ChiTietHoaDonXuat] ([MaCTHDX], [MaThuoc], [DonViTinh], [Gia], [SoLuong]) VALUES (N'CTX03', N'T03', N'VND', 300000, 600)
INSERT [dbo].[ChiTietHoaDonXuat] ([MaCTHDX], [MaThuoc], [DonViTinh], [Gia], [SoLuong]) VALUES (N'CTX04', N'T04', N'VND', 1300000, 800)
INSERT [dbo].[ChiTietHoaDonXuat] ([MaCTHDX], [MaThuoc], [DonViTinh], [Gia], [SoLuong]) VALUES (N'CTX05', N'T03', N'VND', 2200000, 900)
INSERT [dbo].[ChiTietHoaDonXuat] ([MaCTHDX], [MaThuoc], [DonViTinh], [Gia], [SoLuong]) VALUES (N'CTX06', N'T06', N'VND', 4400000, 1000)
INSERT [dbo].[ChiTietHoaDonXuat] ([MaCTHDX], [MaThuoc], [DonViTinh], [Gia], [SoLuong]) VALUES (N'CTX07', N'T08', N'VND', 3300000, 200)
INSERT [dbo].[ChiTietHoaDonXuat] ([MaCTHDX], [MaThuoc], [DonViTinh], [Gia], [SoLuong]) VALUES (N'CTX08', N'T09', N'VND', 6600000, 3000)
INSERT [dbo].[ChiTietHoaDonXuat] ([MaCTHDX], [MaThuoc], [DonViTinh], [Gia], [SoLuong]) VALUES (N'CTX09', N'T07', N'VND', 6000000, 400)
INSERT [dbo].[ChiTietHoaDonXuat] ([MaCTHDX], [MaThuoc], [DonViTinh], [Gia], [SoLuong]) VALUES (N'CTX10', N'T10', N'VND', 9000000, NULL)
INSERT [dbo].[CoSo] ([MaCS], [TenCS], [DiaChi], [SDT]) VALUES (N'CS01', N'Bệnh viện E', N'Trần Cung', N'01672340980')
INSERT [dbo].[CoSo] ([MaCS], [TenCS], [DiaChi], [SDT]) VALUES (N'CS02', N'Bệnh viện Bạch Mai', N'Tạ Quang Bửu', N'01658005160')
INSERT [dbo].[CoSo] ([MaCS], [TenCS], [DiaChi], [SDT]) VALUES (N'CS03', N'Bệnh viện Việt Đức', N'Hoàng Quốc Việt', N'01642428979')
INSERT [dbo].[CoSo] ([MaCS], [TenCS], [DiaChi], [SDT]) VALUES (N'CS04', N'Bệnh viện 198', N'Xuân Thủy', N'01653839090')
INSERT [dbo].[CoSo] ([MaCS], [TenCS], [DiaChi], [SDT]) VALUES (N'CS05', N'Bệnh viện 108', N'Láng Hạ', N'01672852098')
INSERT [dbo].[CoSo] ([MaCS], [TenCS], [DiaChi], [SDT]) VALUES (N'CS06', N'Bệnh viện Y học cổ truyền', N'Võ Chí Công', N'0942434044')
INSERT [dbo].[CoSo] ([MaCS], [TenCS], [DiaChi], [SDT]) VALUES (N'CS07', N'Bệnh viện U nang', N'Cầu Giấy', N'0943767922')
INSERT [dbo].[CoSo] ([MaCS], [TenCS], [DiaChi], [SDT]) VALUES (N'CS08', N'Bệnh viện tim mạch', N'Trần Hưng Đạo', N'0972151076')
INSERT [dbo].[CoSo] ([MaCS], [TenCS], [DiaChi], [SDT]) VALUES (N'CS09', N'Bệnh viện nhi', N'Nguyễn Thị Định', N'01674566433')
INSERT [dbo].[CoSo] ([MaCS], [TenCS], [DiaChi], [SDT]) VALUES (N'CS10', N'Bệnh việ Nha khoa', N'Hà Đông', N'01651110609')
INSERT [dbo].[HoaDonNhap] ([MaHoaDon], [MaNCC], [MaCTHDN], [NgayNhap], [MaNVNhap], [ThanhTien]) VALUES (N'HDN01', N'NCC01', N'CTN01', CAST(N'2107-01-04' AS Date), N'NV01', 1000000)
INSERT [dbo].[HoaDonNhap] ([MaHoaDon], [MaNCC], [MaCTHDN], [NgayNhap], [MaNVNhap], [ThanhTien]) VALUES (N'HDN02', N'NCC02', N'CTN02', CAST(N'2107-01-04' AS Date), N'NV02', 2000000)
INSERT [dbo].[HoaDonNhap] ([MaHoaDon], [MaNCC], [MaCTHDN], [NgayNhap], [MaNVNhap], [ThanhTien]) VALUES (N'HDN03', N'NCC03', N'CTN03', CAST(N'2107-01-04' AS Date), N'NV03', 2000000)
INSERT [dbo].[HoaDonNhap] ([MaHoaDon], [MaNCC], [MaCTHDN], [NgayNhap], [MaNVNhap], [ThanhTien]) VALUES (N'HDN04', N'NCC04', N'CTN04', CAST(N'2107-01-04' AS Date), N'NV04', 2000000)
INSERT [dbo].[HoaDonNhap] ([MaHoaDon], [MaNCC], [MaCTHDN], [NgayNhap], [MaNVNhap], [ThanhTien]) VALUES (N'HDN05', N'NCC05', N'CTN05', CAST(N'2107-01-04' AS Date), N'NV05', 2000000)
INSERT [dbo].[HoaDonNhap] ([MaHoaDon], [MaNCC], [MaCTHDN], [NgayNhap], [MaNVNhap], [ThanhTien]) VALUES (N'HDN06', N'NCC06', N'CTN06', CAST(N'2107-01-04' AS Date), N'NV06', 2000000)
INSERT [dbo].[HoaDonNhap] ([MaHoaDon], [MaNCC], [MaCTHDN], [NgayNhap], [MaNVNhap], [ThanhTien]) VALUES (N'HDN07', N'NCC07', N'CTN07', CAST(N'2107-01-04' AS Date), N'NV07', 2000000)
INSERT [dbo].[HoaDonNhap] ([MaHoaDon], [MaNCC], [MaCTHDN], [NgayNhap], [MaNVNhap], [ThanhTien]) VALUES (N'HDN08', N'NCC01', N'CTN08', CAST(N'2107-01-04' AS Date), N'NV08', 2000000)
INSERT [dbo].[HoaDonNhap] ([MaHoaDon], [MaNCC], [MaCTHDN], [NgayNhap], [MaNVNhap], [ThanhTien]) VALUES (N'HDN09', N'NCC09', N'CTN09', CAST(N'2107-01-04' AS Date), N'NV09', 2000000)
INSERT [dbo].[HoaDonNhap] ([MaHoaDon], [MaNCC], [MaCTHDN], [NgayNhap], [MaNVNhap], [ThanhTien]) VALUES (N'HDN10', N'NCC10', N'CTN05', CAST(N'2107-01-04' AS Date), N'NV10', 2000000)
INSERT [dbo].[HoaDonXuat] ([MaHoaDon], [MaCTHDX], [MaKH], [NgayXuat], [MaNVXuat], [ThanhTien]) VALUES (N'HDX01', N'CTX01', N'KH01', CAST(N'2018-05-05' AS Date), N'NV02', 5000000)
INSERT [dbo].[HoaDonXuat] ([MaHoaDon], [MaCTHDX], [MaKH], [NgayXuat], [MaNVXuat], [ThanhTien]) VALUES (N'HDX02', N'CTX03', N'KH03', CAST(N'2018-05-05' AS Date), N'NV01', 5000000)
INSERT [dbo].[HoaDonXuat] ([MaHoaDon], [MaCTHDX], [MaKH], [NgayXuat], [MaNVXuat], [ThanhTien]) VALUES (N'HDX03', N'CTX04', N'KH02', CAST(N'2018-05-05' AS Date), N'NV03', 5000000)
INSERT [dbo].[HoaDonXuat] ([MaHoaDon], [MaCTHDX], [MaKH], [NgayXuat], [MaNVXuat], [ThanhTien]) VALUES (N'HDX04', N'CTX05', N'KH04', CAST(N'2018-05-05' AS Date), N'NV04', 5000000)
INSERT [dbo].[HoaDonXuat] ([MaHoaDon], [MaCTHDX], [MaKH], [NgayXuat], [MaNVXuat], [ThanhTien]) VALUES (N'HDX05', N'CTX02', N'KH06', CAST(N'2018-05-05' AS Date), N'NV06', 5000000)
INSERT [dbo].[HoaDonXuat] ([MaHoaDon], [MaCTHDX], [MaKH], [NgayXuat], [MaNVXuat], [ThanhTien]) VALUES (N'HDX06', N'CTX07', N'KH08', CAST(N'2018-05-05' AS Date), N'NV05', 5000000)
INSERT [dbo].[HoaDonXuat] ([MaHoaDon], [MaCTHDX], [MaKH], [NgayXuat], [MaNVXuat], [ThanhTien]) VALUES (N'HDX07', N'CTX09', N'KH09', CAST(N'2018-05-05' AS Date), N'NV07', 5000000)
INSERT [dbo].[HoaDonXuat] ([MaHoaDon], [MaCTHDX], [MaKH], [NgayXuat], [MaNVXuat], [ThanhTien]) VALUES (N'HDX08', N'CTX06', N'KH07', CAST(N'2018-05-05' AS Date), N'NV08', 5000000)
INSERT [dbo].[HoaDonXuat] ([MaHoaDon], [MaCTHDX], [MaKH], [NgayXuat], [MaNVXuat], [ThanhTien]) VALUES (N'HDX09', N'CTX08', N'KH10', CAST(N'2018-05-05' AS Date), N'NV09', 5000000)
INSERT [dbo].[HoaDonXuat] ([MaHoaDon], [MaCTHDX], [MaKH], [NgayXuat], [MaNVXuat], [ThanhTien]) VALUES (N'HDX10', N'CTX10', N'KH04', CAST(N'2018-05-05' AS Date), N'NV10', 5000000)
INSERT [dbo].[KhachHang] ([MaKH], [TenKH], [DiaChi], [SDT]) VALUES (N'KH01', N'Nguyễn Văn Giáp', N'Hà Nội', N'01674540999')
INSERT [dbo].[KhachHang] ([MaKH], [TenKH], [DiaChi], [SDT]) VALUES (N'KH02', N'Bùi Kim Quyên', N'Hà Nội ', N'01673452098')
INSERT [dbo].[KhachHang] ([MaKH], [TenKH], [DiaChi], [SDT]) VALUES (N'KH03', N'Dương Hoài Phương', N'Nam Định', N'01674357766')
INSERT [dbo].[KhachHang] ([MaKH], [TenKH], [DiaChi], [SDT]) VALUES (N'KH04', N'Võ Minh Thư', N'Bắc Ninh', N'01643231110')
INSERT [dbo].[KhachHang] ([MaKH], [TenKH], [DiaChi], [SDT]) VALUES (N'KH05', N'Nguyễn Thế Vinh', N'Đà Lạt', N'0987262321')
INSERT [dbo].[KhachHang] ([MaKH], [TenKH], [DiaChi], [SDT]) VALUES (N'KH06', N'Đào Thanh Tú', N'Đà Nẵng', N'0983617372')
INSERT [dbo].[KhachHang] ([MaKH], [TenKH], [DiaChi], [SDT]) VALUES (N'KH07', N'Hoàng Thị Hằng', N'Bắc Giang', N'01647727264')
INSERT [dbo].[KhachHang] ([MaKH], [TenKH], [DiaChi], [SDT]) VALUES (N'KH08', N'Phan Thị Hạnh', N'Ninh Bình', N'0953725347')
INSERT [dbo].[KhachHang] ([MaKH], [TenKH], [DiaChi], [SDT]) VALUES (N'KH09', N'Trương Bá Quân', N'Vĩnh Phúc', N'0935275127')
INSERT [dbo].[KhachHang] ([MaKH], [TenKH], [DiaChi], [SDT]) VALUES (N'KH10', N'Lê Minh Vương', N'Nha Trang', N'0985362527')
INSERT [dbo].[LoaiThuoc] ([MaLoaiThuoc], [TenLoaiThuoc], [GhiChu]) VALUES (N'LT01', N'Kháng Sinh', N'Dạng Viên')
INSERT [dbo].[LoaiThuoc] ([MaLoaiThuoc], [TenLoaiThuoc], [GhiChu]) VALUES (N'LT02', N'Giảm đau', N'Dạng Viên')
INSERT [dbo].[LoaiThuoc] ([MaLoaiThuoc], [TenLoaiThuoc], [GhiChu]) VALUES (N'LT03', N'Giảm cân', N'Dạng Viên')
INSERT [dbo].[LoaiThuoc] ([MaLoaiThuoc], [TenLoaiThuoc], [GhiChu]) VALUES (N'LT04', N'An Thần', N'Dạng Viên')
INSERT [dbo].[LoaiThuoc] ([MaLoaiThuoc], [TenLoaiThuoc], [GhiChu]) VALUES (N'LT05', N'Virus', N'Dung dịch tiêm')
INSERT [dbo].[LoaiThuoc] ([MaLoaiThuoc], [TenLoaiThuoc], [GhiChu]) VALUES (N'LT06', N'Tim Mạch', N'Dạng Viên')
INSERT [dbo].[LoaiThuoc] ([MaLoaiThuoc], [TenLoaiThuoc], [GhiChu]) VALUES (N'LT07', N'Thuốc ho', N'Dạng Viên')
INSERT [dbo].[LoaiThuoc] ([MaLoaiThuoc], [TenLoaiThuoc], [GhiChu]) VALUES (N'LT08', N'Thuốc co giật', N'Dung dịch tiêm')
INSERT [dbo].[NhaCungCap] ([MaNCC], [TenNCC], [SDT], [DiaChi]) VALUES (N'NCC01', N'Công Ty An Khang', N'01676517647', N'Hà Nội')
INSERT [dbo].[NhaCungCap] ([MaNCC], [TenNCC], [SDT], [DiaChi]) VALUES (N'NCC02', N'Công Ty Cổ phần Việt Pháp', N'01658216427', N'Bắc Giang')
INSERT [dbo].[NhaCungCap] ([MaNCC], [TenNCC], [SDT], [DiaChi]) VALUES (N'NCC03', N'Công Ty Thuốc Tây', N'01672836472', N'Hà Nội')
INSERT [dbo].[NhaCungCap] ([MaNCC], [TenNCC], [SDT], [DiaChi]) VALUES (N'NCC04', N'Công Ty Thuốc Đông y', N'01679869899', N'Bắc Giang')
INSERT [dbo].[NhaCungCap] ([MaNCC], [TenNCC], [SDT], [DiaChi]) VALUES (N'NCC05', N'Công ty Thuốc Bắc', N'0878217463', N'Bắc Giang')
INSERT [dbo].[NhaCungCap] ([MaNCC], [TenNCC], [SDT], [DiaChi]) VALUES (N'NCC06', N'Công ty Zco', N'0986721546', N'Hà Nội')
INSERT [dbo].[NhaCungCap] ([MaNCC], [TenNCC], [SDT], [DiaChi]) VALUES (N'NCC07', N'Công Ty Nha Khoa', N'0973673422', N'Nha Trang')
INSERT [dbo].[NhaCungCap] ([MaNCC], [TenNCC], [SDT], [DiaChi]) VALUES (N'NCC08', N'Công ty Phân Phối Dược', N'01677343983', N'Hà Nội')
INSERT [dbo].[NhaCungCap] ([MaNCC], [TenNCC], [SDT], [DiaChi]) VALUES (N'NCC09', N'Công Ty Thịnh Thế', N'01681263743', N'Băc Ninh')
INSERT [dbo].[NhaCungCap] ([MaNCC], [TenNCC], [SDT], [DiaChi]) VALUES (N'NCC10', N'Công ty Thuốc ung thư', N'01682364573', N'Hà Nội')
INSERT [dbo].[NhanVien] ([MaNV], [TenNV], [MaCS], [GioiTinh], [NgaySinh], [SDT], [DiaChi]) VALUES (N'NV01', N'Thạch Thùy Chinh', N'CS01', 0, CAST(N'1997-10-10' AS Date), N'01654005160', N'Hà Nội')
INSERT [dbo].[NhanVien] ([MaNV], [TenNV], [MaCS], [GioiTinh], [NgaySinh], [SDT], [DiaChi]) VALUES (N'NV02', N'Đỗ Thị Kiều Anh', N'CS02', 0, CAST(N'1997-02-03' AS Date), N'01659274736', N'Nam Định')
INSERT [dbo].[NhanVien] ([MaNV], [TenNV], [MaCS], [GioiTinh], [NgaySinh], [SDT], [DiaChi]) VALUES (N'NV03', N'Nguyễn Thị Ngọc Ánh', N'CS03', 0, CAST(N'1997-10-03' AS Date), N'01679274782', N'Bắc Giang')
INSERT [dbo].[NhanVien] ([MaNV], [TenNV], [MaCS], [GioiTinh], [NgaySinh], [SDT], [DiaChi]) VALUES (N'NV04', N'Đặng Lương Hiếu', N'CS04', 1, CAST(N'1997-10-04' AS Date), N'01679247346', N'Nha Trang')
INSERT [dbo].[NhanVien] ([MaNV], [TenNV], [MaCS], [GioiTinh], [NgaySinh], [SDT], [DiaChi]) VALUES (N'NV05', N'Quách Đức Bình', N'CS05', 1, CAST(N'1997-01-01' AS Date), N'0963716733', N'Hải Dương')
INSERT [dbo].[NhanVien] ([MaNV], [TenNV], [MaCS], [GioiTinh], [NgaySinh], [SDT], [DiaChi]) VALUES (N'NV06', N'Hà Thị Thu Giang', N'CS06', 0, CAST(N'1997-07-08' AS Date), N'0981876373', N'Quảng Ninh')
INSERT [dbo].[NhanVien] ([MaNV], [TenNV], [MaCS], [GioiTinh], [NgaySinh], [SDT], [DiaChi]) VALUES (N'NV07', N'Cao Xuân Tuấn', N'CS07', 1, CAST(N'1997-10-06' AS Date), N'0947274627', N'Bắc Ninh')
INSERT [dbo].[NhanVien] ([MaNV], [TenNV], [MaCS], [GioiTinh], [NgaySinh], [SDT], [DiaChi]) VALUES (N'NV08', N'Phạm Anh Đức', N'CS08', 1, CAST(N'1997-10-07' AS Date), N'01672753725', N'Thanh Hóa')
INSERT [dbo].[NhanVien] ([MaNV], [TenNV], [MaCS], [GioiTinh], [NgaySinh], [SDT], [DiaChi]) VALUES (N'NV09', N'Vũ Mạnh Tuấn', N'CS09', 1, CAST(N'1997-01-08' AS Date), N'01672736263', N'Phú Thọ')
INSERT [dbo].[NhanVien] ([MaNV], [TenNV], [MaCS], [GioiTinh], [NgaySinh], [SDT], [DiaChi]) VALUES (N'NV10', N'Vũ Duy Đạt', N'CS10', 1, CAST(N'1997-09-09' AS Date), N'01688626745', NULL)
INSERT [dbo].[Thuoc] ([MaThuoc], [TenThuoc], [MaLoaiThuoc], [MaDVSX], [CongDung], [HSD], [SoLuong], [NuocSX]) VALUES (N'T01', N'Thuốc Xenetix', N'LT01', N'NCC01', N'Trị giảm đau', N'3-3-2030', 2000, N'MỸ')
INSERT [dbo].[Thuoc] ([MaThuoc], [TenThuoc], [MaLoaiThuoc], [MaDVSX], [CongDung], [HSD], [SoLuong], [NuocSX]) VALUES (N'T02', N'Thuốc Tetracyckine', N'LT03', N'NCC02', N'Trị Viêm nang', N'3-3-2030', 2000, N'ANH')
INSERT [dbo].[Thuoc] ([MaThuoc], [TenThuoc], [MaLoaiThuoc], [MaDVSX], [CongDung], [HSD], [SoLuong], [NuocSX]) VALUES (N'T03', N'Thuốc Timilol', N'LT03', N'NCC03', N'Đau Mắt', N'3-3-2030', 2000, N'Hàn Quốc')
INSERT [dbo].[Thuoc] ([MaThuoc], [TenThuoc], [MaLoaiThuoc], [MaDVSX], [CongDung], [HSD], [SoLuong], [NuocSX]) VALUES (N'T04', N'Thuốc Neurontin ', N'LT04', N'NCC04', N'Viêm nang', N'3-3-2030', 2000, N'Việt nam')
INSERT [dbo].[Thuoc] ([MaThuoc], [TenThuoc], [MaLoaiThuoc], [MaDVSX], [CongDung], [HSD], [SoLuong], [NuocSX]) VALUES (N'T05', N'Thuốc Vinsamin ', N'LT02', N'NCC05', N'Viêm nang', N'3-3-2030', 2000, N'Trung Quốc')
INSERT [dbo].[Thuoc] ([MaThuoc], [TenThuoc], [MaLoaiThuoc], [MaDVSX], [CongDung], [HSD], [SoLuong], [NuocSX]) VALUES (N'T06', N'Paladol', N'LT06', N'NCC06', N'Trị đau đầu', N'3-3-2030', 2000, N'Lào')
INSERT [dbo].[Thuoc] ([MaThuoc], [TenThuoc], [MaLoaiThuoc], [MaDVSX], [CongDung], [HSD], [SoLuong], [NuocSX]) VALUES (N'T07', N'Thuốc Oliza', N'LT07', N'NCC07', N'Trị viêm nén', N'3-3-2030', 2000, N'Đức')
INSERT [dbo].[Thuoc] ([MaThuoc], [TenThuoc], [MaLoaiThuoc], [MaDVSX], [CongDung], [HSD], [SoLuong], [NuocSX]) VALUES (N'T08', N'Vitamin D', N'LT08', N'NCC08', N'Bổ sung vitamin D', N'3-3-2030', 2000, N'Hà Lan')
INSERT [dbo].[Thuoc] ([MaThuoc], [TenThuoc], [MaLoaiThuoc], [MaDVSX], [CongDung], [HSD], [SoLuong], [NuocSX]) VALUES (N'T09', N'Tramadol ', N'LT06', N'NCC09', N'Giảm đau', N'3-3-2030', 2000, N'Singabo')
INSERT [dbo].[Thuoc] ([MaThuoc], [TenThuoc], [MaLoaiThuoc], [MaDVSX], [CongDung], [HSD], [SoLuong], [NuocSX]) VALUES (N'T10', N'Cefdinir', N'LT05', N'NCC10', N'Kháng Sinh', N'3-3-2030', 2000, N'Tây Ban Nha')
